r0,r1,r2,r3,rounds,trials,mean_flip,max_dev,zero_pairs
16,12,8,7,1,4000,0.35583,0.50000,7649
8,2,16,10,1,4000,0.35475,0.50000,8951
8,20,16,19,1,4000,0.35610,0.50000,12505
8,21,16,6,1,4000,0.36195,0.50000,13291
8,6,16,17,1,4000,0.37425,0.50000,6700
8,18,16,30,1,4000,0.35829,0.50000,10889
8,28,16,18,1,4000,0.34558,0.50000,13630
8,1,16,13,1,4000,0.32507,0.50000,10186
8,26,16,28,1,4000,0.35691,0.50000,14725
8,27,16,31,1,4000,0.35910,0.50000,13955
8,29,16,31,1,4000,0.35118,0.50000,13208
8,26,16,5,1,4000,0.35705,0.50000,14014
8,17,16,25,1,4000,0.33748,0.50000,10154
8,18,16,7,1,4000,0.35827,0.50000,11217
8,17,16,12,1,4000,0.33743,0.50000,10210
8,31,16,28,1,4000,0.30671,0.50000,13599
8,19,16,12,1,4000,0.36464,0.50000,11737
8,15,16,30,1,4000,0.32796,0.50000,9048
8,9,16,22,1,4000,0.36671,0.50000,7066
8,18,16,20,1,4000,0.35805,0.50000,11224
8,31,16,24,1,4000,0.30660,0.50000,14117
8,14,16,31,1,4000,0.34921,0.50000,8474
8,2,16,16,1,4000,0.35484,0.50000,8974
8,28,16,12,1,4000,0.34552,0.50000,13047
8,19,16,18,1,4000,0.36457,0.50000,11274
8,7,16,31,1,4000,0.35873,0.50000,6844
8,17,16,14,1,4000,0.33737,0.50000,10468
8,12,16,14,1,4000,0.35600,0.50000,7831
8,12,16,1,1,4000,0.35597,0.50000,7956
8,18,16,18,1,4000,0.35828,0.50000,11049
8,20,16,26,1,4000,0.35625,0.50000,12288
8,20,16,11,1,4000,0.35609,0.50000,11936
8,15,16,20,1,4000,0.32814,0.50000,8969
8,1,16,26,1,4000,0.32508,0.50000,10164
8,6,16,18,1,4000,0.37421,0.50000,6345
8,1,16,25,1,4000,0.32520,0.50000,10021
8,25,16,9,1,4000,0.34010,0.50000,15250
8,4,16,26,1,4000,0.36839,0.50000,6901
8,20,16,6,1,4000,0.35619,0.50000,12416
8,12,16,10,1,4000,0.35603,0.50000,7969
8,3,16,6,1,4000,0.36924,0.50000,7746
8,6,16,9,1,4000,0.37418,0.50000,6807
8,19,16,6,1,4000,0.36465,0.50000,11567
8,28,16,3,1,4000,0.34564,0.50000,13616
8,26,16,18,1,4000,0.35705,0.50000,14825
8,27,16,30,1,4000,0.35907,0.50000,14135
8,9,16,2,1,4000,0.36669,0.50000,7339
8,22,16,3,1,4000,0.35015,0.50000,13768
8,3,16,28,1,4000,0.36929,0.50000,7748
8,1,16,15,1,4000,0.32513,0.50000,10104
8,17,16,31,1,4000,0.33737,0.50000,10200
8,6,16,22,1,4000,0.37426,0.50000,6817
8,9,16,21,1,4000,0.36674,0.50000,7244
8,15,16,23,1,4000,0.32797,0.50000,9203
8,11,16,16,1,4000,0.37446,0.50000,7481
8,1,16,10,1,4000,0.32509,0.50000,10779
8,13,16,11,1,4000,0.36351,0.50000,7971
8,14,16,26,1,4000,0.34932,0.50000,8279
16,19,8,18,1,4000,0.36467,0.50000,11773
16,25,8,4,1,4000,0.34020,0.50000,14448
16,11,8,2,1,4000,0.37424,0.50000,7745
16,14,8,3,1,4000,0.34930,0.50000,8333
16,13,8,28,1,4000,0.36342,0.50000,8150
16,26,8,5,1,4000,0.35705,0.50000,13995
16,17,8,27,1,4000,0.33755,0.50000,10292
16,9,8,12,1,4000,0.36645,0.50000,7231
16,11,8,11,1,4000,0.37430,0.50000,7737
16,4,8,10,1,4000,0.36824,0.50000,7465
16,31,8,20,1,4000,0.30684,0.50000,13416
16,25,8,31,1,4000,0.34017,0.50000,14712
16,23,8,29,1,4000,0.33132,0.50000,14377
16,3,8,30,1,4000,0.36932,0.50000,7651
16,18,8,8,1,4000,0.35826,0.50000,10496
16,3,8,24,1,4000,0.36920,0.50000,7943
16,2,8,3,1,4000,0.35471,0.50000,8608
16,5,8,6,1,4000,0.38003,0.50000,7182
16,6,8,30,1,4000,0.37423,0.50000,6692
16,18,8,7,1,4000,0.35821,0.50000,10638
16,9,8,25,1,4000,0.36631,0.50000,7272
16,11,8,20,1,4000,0.37421,0.50000,7713
16,11,8,4,1,4000,0.37431,0.50000,7371
16,20,8,19,1,4000,0.35627,0.50000,12314
16,26,8,30,1,4000,0.35713,0.50000,14091
16,13,8,3,1,4000,0.36338,0.50000,7905
16,3,8,31,1,4000,0.36937,0.50000,7989
16,29,8,10,1,4000,0.35130,0.50000,12754
16,30,8,4,1,4000,0.33379,0.50000,12754
16,9,8,4,1,4000,0.36639,0.50000,6926
16,26,8,2,1,4000,0.35710,0.50000,14914
16,27,8,10,1,4000,0.35898,0.50000,13544
16,1,8,20,1,4000,0.32513,0.50000,9804
16,22,8,1,1,4000,0.35022,0.50000,14225
16,3,8,14,1,4000,0.36936,0.50000,7813
16,4,8,27,1,4000,0.36821,0.50000,7033
16,29,8,26,1,4000,0.35125,0.50000,13387
16,2,8,7,1,4000,0.35482,0.50000,8546
16,19,8,14,1,4000,0.36468,0.50000,11376
16,6,8,4,1,4000,0.37414,0.50000,6936
16,22,8,8,1,4000,0.35032,0.50000,13918
16,6,8,24,1,4000,0.37421,0.50000,6456
16,14,8,30,1,4000,0.34926,0.50000,8593
16,31,8,13,1,4000,0.30674,0.50000,13832
16,26,8,18,1,4000,0.35712,0.50000,14745
16,30,8,27,1,4000,0.33379,0.50000,13336
16,10,8,18,1,4000,0.37708,0.50000,7228
16,4,8,7,1,4000,0.36815,0.50000,7142
16,2,8,1,1,4000,0.35489,0.50000,8847
16,1,8,26,1,4000,0.32522,0.50000,10167
16,30,8,10,1,4000,0.33382,0.50000,12957
16,11,8,15,1,4000,0.37423,0.50000,7542
16,13,8,11,1,4000,0.36336,0.50000,8281
16,25,24,3,1,4000,0.36545,0.50000,7837
16,22,24,31,1,4000,0.37489,0.50000,6045
16,9,24,18,1,4000,0.34160,0.50000,12368
16,18,24,15,1,4000,0.36364,0.50000,7052
16,1,24,13,1,4000,0.31914,0.50000,17465
16,27,24,11,1,4000,0.37234,0.50000,9660
16,6,24,9,1,4000,0.34828,0.50000,14761
16,26,24,21,1,4000,0.37579,0.50000,8970
16,30,24,14,1,4000,0.33507,0.50000,15757
16,19,24,1,1,4000,0.37258,0.50000,6397
16,2,24,23,1,4000,0.34498,0.50000,16861
16,12,24,19,1,4000,0.35546,0.50000,8489
16,5,24,19,1,4000,0.35821,0.50000,15569
16,5,24,5,1,4000,0.35826,0.50000,16037
16,11,24,18,1,4000,0.36505,0.50000,10253
16,20,24,30,1,4000,0.36589,0.50000,6353
16,21,24,9,1,4000,0.38120,0.50000,6176
16,21,24,8,1,4000,0.38117,0.50000,5985
16,3,24,25,1,4000,0.35484,0.50000,16453
16,17,24,21,1,4000,0.34110,0.50000,7417
16,30,24,15,1,4000,0.33505,0.50000,14889
16,30,24,22,1,4000,0.33517,0.50000,15173
16,21,24,24,1,4000,0.38118,0.50000,6019
16,11,24,16,1,4000,0.36509,0.50000,10208
16,22,24,16,1,4000,0.37493,0.50000,6350
16,31,24,8,1,4000,0.30614,0.50000,18573
16,23,24,14,1,4000,0.35854,0.50000,6528
16,9,24,27,1,4000,0.34147,0.50000,11954
16,9,24,13,1,4000,0.34146,0.50000,12649
16,6,24,20,1,4000,0.34833,0.50000,14336
16,3,24,8,1,4000,0.35477,0.50000,16011
16,6,24,17,1,4000,0.34833,0.50000,14345
16,11,24,17,1,4000,0.36494,0.50000,10375
16,29,24,21,1,4000,0.35496,0.50000,13614
16,20,24,3,1,4000,0.36587,0.50000,6091
16,29,24,20,1,4000,0.35484,0.50000,13072
16,31,24,17,1,4000,0.30598,0.50000,18413
16,6,24,5,1,4000,0.34818,0.50000,14989
16,9,24,14,1,4000,0.34140,0.50000,12603
16,7,24,31,1,4000,0.33055,0.50000,14071
16,29,24,12,1,4000,0.35498,0.50000,13263
16,25,24,26,1,4000,0.36533,0.50000,7114
16,29,24,7,1,4000,0.35494,0.50000,13452
16,10,24,10,1,4000,0.36040,0.50000,11050
16,23,24,10,1,4000,0.35874,0.50000,6484
16,28,24,18,1,4000,0.35357,0.50000,11654
16,12,24,6,1,4000,0.35542,0.50000,9012
16,23,24,23,1,4000,0.35853,0.50000,6583
16,19,24,24,1,4000,0.37250,0.50000,6577
16,2,24,16,1,4000,0.34505,0.50000,16900
16,22,24,13,1,4000,0.37489,0.50000,5881
16,23,24,21,1,4000,0.35853,0.50000,6455
16,12,24,13,1,4000,0.35546,0.50000,9173
16,17,24,28,1,4000,0.34105,0.50000,7363
16,6,24,18,1,4000,0.34827,0.50000,15471
24,13,16,13,1,4000,0.36054,0.50000,8493
24,1,16,9,1,4000,0.31929,0.50000,17230
24,21,16,20,1,4000,0.38143,0.50000,6133
24,13,16,11,1,4000,0.36062,0.50000,8338
24,26,16,24,1,4000,0.37599,0.50000,8865
24,22,16,19,1,4000,0.37512,0.50000,6089
24,21,16,30,1,4000,0.38134,0.50000,6059
24,31,16,21,1,4000,0.30605,0.50000,18828
24,10,16,21,1,4000,0.36031,0.50000,11282
24,1,16,14,1,4000,0.31916,0.50000,17099
24,5,16,21,1,4000,0.35813,0.50000,16195
24,25,16,30,1,4000,0.36573,0.50000,8219
24,12,16,17,1,4000,0.35557,0.50000,8903
24,1,16,22,1,4000,0.31916,0.50000,18149
24,14,16,13,1,4000,0.34731,0.50000,8221
24,11,16,28,1,4000,0.36518,0.50000,10416
24,20,16,19,1,4000,0.36609,0.50000,6271
24,29,16,31,1,4000,0.35513,0.50000,13365
24,15,16,20,1,4000,0.32773,0.50000,8090
24,27,16,17,1,4000,0.37261,0.50000,10410
24,14,16,30,1,4000,0.34727,0.50000,8240
24,10,16,23,1,4000,0.36040,0.50000,10955
24,6,16,15,1,4000,0.34804,0.50000,14438
24,20,16,22,1,4000,0.36606,0.50000,6473
24,17,16,7,1,4000,0.34116,0.50000,7243
24,13,16,26,1,4000,0.36051,0.50000,8178
24,9,16,28,1,4000,0.34166,0.50000,12253
24,6,16,25,1,4000,0.34812,0.50000,14745
24,3,16,27,1,4000,0.35485,0.50000,16603
24,25,16,20,1,4000,0.36578,0.50000,7785
24,1,16,12,1,4000,0.31921,0.50000,17625
24,30,16,9,1,4000,0.33502,0.50000,15436
24,26,16,23,1,4000,0.37603,0.50000,8787
24,14,16,28,1,4000,0.34741,0.50000,7731
24,22,16,18,1,4000,0.37528,0.50000,6299
24,10,16,5,1,4000,0.36047,0.50000,10818
24,15,16,27,1,4000,0.32781,0.50000,7732
24,9,16,16,1,4000,0.34161,0.50000,12426
24,17,16,2,1,4000,0.34115,0.50000,7252
24,9,16,17,1,4000,0.34173,0.50000,11951
24,4,16,24,1,4000,0.34912,0.50000,15402
24,19,16,14,1,4000,0.37288,0.50000,6314
24,3,16,12,1,4000,0.35491,0.50000,16181
24,3,16,22,1,4000,0.35479,0.50000,16372
24,15,16,1,1,4000,0.32777,0.50000,7688
24,6,16,17,1,4000,0.34808,0.50000,14244
24,23,16,31,1,4000,0.35860,0.50000,6164
24,6,16,23,1,4000,0.34804,0.50000,14511
24,3,16,13,1,4000,0.35488,0.50000,16844
24,21,16,23,1,4000,0.38141,0.50000,6317
24,9,16,20,1,4000,0.34168,0.50000,12509
24,10,16,7,1,4000,0.36040,0.50000,11201
24,11,16,9,1,4000,0.36516,0.50000,10100
24,3,16,3,1,4000,0.35489,0.50000,16362
27,10,15,18,1,4000,0.36558,0.50000,9089
19,4,30,7,1,4000,0.32289,0.50000,20082
3,2,1,26,1,4000,0.22291,0.50000,30090
1,28,16,11,1,4000,0.30496,0.50000,21905
10,30,7,13,1,4000,0.31021,0.50000,18960
18,21,17,2,1,4000,0.37403,0.50000,7022
29,12,18,14,1,4000,0.33578,0.50000,8471
18,7,23,29,1,4000,0.33452,0.50000,16238
20,24,25,3,1,4000,0.37057,0.50000,6107
25,4,14,3,1,4000,0.34565,0.50000,15497
7,1,16,21,1,4000,0.32590,0.50000,11011
5,24,9,22,1,4000,0.31717,0.50000,26073
27,28,7,22,1,4000,0.31741,0.50000,26173
15,13,11,21,1,4000,0.36165,0.50000,8610
9,9,21,21,1,4000,0.33185,0.50000,9911
8,8,2,19,1,4000,0.34710,0.50000,5540
6,29,27,25,1,4000,0.29272,0.50000,30206
21,5,26,30,1,4000,0.31010,0.50000,23818
1,1,13,5,1,4000,0.25820,0.50000,19087
29,22,18,2,1,4000,0.36571,0.50000,8144
3,15,21,27,1,4000,0.35171,0.50000,5190
10,29,1,2,1,4000,0.27728,0.50000,29144
18,2,17,27,1,4000,0.32304,0.50000,9968
9,6,4,5,1,4000,0.37077,0.50000,5801
14,28,2,2,1,4000,0.31589,0.50000,23612
21,3,30,27,1,4000,0.29283,0.50000,27546
4,11,2,5,1,4000,0.34927,0.50000,3004
18,2,15,22,1,4000,0.32170,0.50000,8994
5,29,13,25,1,4000,0.32398,0.50000,19463
27,10,24,6,1,4000,0.34638,0.50000,10911
11,4,14,12,1,4000,0.35683,0.50000,5964
5,19,3,2,1,4000,0.37026,0.50000,11508
10,27,26,21,1,4000,0.34448,0.50000,16420
24,24,17,17,1,4000,0.35000,0.50000,6904
14,27,8,17,1,4000,0.35473,0.50000,15052
18,7,11,30,1,4000,0.35811,0.50000,8210
11,17,26,13,1,4000,0.35975,0.50000,7554
31,29,19,16,1,4000,0.28436,0.50000,28572
28,27,19,23,1,4000,0.35874,0.50000,15004
17,18,1,29,1,4000,0.30920,0.50000,7852
23,29,29,15,1,4000,0.30225,0.50000,31081
1,24,17,9,1,4000,0.33979,0.50000,14566
3,9,26,11,1,4000,0.35167,0.50000,8738
3,10,2,28,1,4000,0.34525,0.50000,3370
13,2,24,9,1,4000,0.34658,0.50000,15494
11,24,5,9,1,4000,0.33619,0.50000,21937
1,17,4,5,1,4000,0.33598,0.50000,6162
11,30,24,11,1,4000,0.33015,0.50000,17185
26,11,19,3,1,4000,0.35091,0.50000,10420
15,9,16,15,1,4000,0.36112,0.50000,9810
13,27,29,30,1,4000,0.35012,0.50000,18972
3,30,19,26,1,4000,0.27932,0.50000,23063
15,19,5,18,1,4000,0.36018,0.50000,10824
1,14,24,22,1,4000,0.34667,0.50000,3784
19,2,12,14,1,4000,0.34529,0.50000,9020
29,25,22,1,1,4000,0.35931,0.50000,12435
28,1,13,9,1,4000,0.27702,0.50000,21351
16,19,28,9,1,4000,0.34459,0.50000,6485
26,8,23,19,1,4000,0.31490,0.50000,17515
24,11,12,31,1,4000,0.36002,0.50000,8593
26,21,12,13,1,4000,0.35342,0.50000,9232
10,15,20,11,1,4000,0.37032,0.50000,7928
18,17,6,1,1,4000,0.36353,0.50000,8154
5,9,22,8,1,4000,0.34505,0.50000,9302
19,5,30,4,1,4000,0.33520,0.50000,17652
27,9,14,7,1,4000,0.36142,0.50000,9054
1,24,18,25,1,4000,0.34720,0.50000,14765
13,17,29,16,1,4000,0.29730,0.50000,7144
3,13,20,29,1,4000,0.32585,0.50000,6117
17,26,19,19,1,4000,0.36749,0.50000,6764
14,2,12,28,1,4000,0.31048,0.50000,6538
10,23,23,21,1,4000,0.33479,0.50000,11269
24,20,2,26,1,4000,0.34509,0.50000,7414
4,18,22,9,1,4000,0.36727,0.50000,6534
23,4,7,9,1,4000,0.35435,0.50000,13990
3,21,19,17,1,4000,0.36377,0.50000,10316
21,3,28,3,1,4000,0.29813,0.50000,28119
26,28,7,21,1,4000,0.32715,0.50000,22563
27,6,17,28,1,4000,0.34529,0.50000,15052
1,18,4,27,1,4000,0.34337,0.50000,8298
10,17,29,24,1,4000,0.34837,0.50000,6917
11,25,18,21,1,4000,0.36413,0.50000,10399
19,18,10,17,1,4000,0.36217,0.50000,9755
30,31,17,14,1,4000,0.23954,0.50000,31577
20,21,19,10,1,4000,0.34624,0.50000,5507
15,10,5,17,1,4000,0.37045,0.50000,6113
14,1,19,12,1,4000,0.30922,0.50000,9753
29,28,16,23,1,4000,0.34410,0.50000,20246
26,10,8,29,1,4000,0.37437,0.50000,6445
7,20,16,28,1,4000,0.36823,0.50000,11817
29,29,8,14,1,4000,0.29507,0.50000,30234
15,22,12,18,1,4000,0.36086,0.50000,11573
30,31,7,26,1,4000,0.23809,0.50000,39514
16,24,3,27,1,4000,0.34778,0.50000,16256
15,9,26,26,1,4000,0.36500,0.50000,10203
12,21,24,28,1,4000,0.34582,0.50000,9535
16,25,11,13,1,4000,0.37226,0.50000,10940
15,26,4,16,1,4000,0.34590,0.50000,19953
12,5,14,5,1,4000,0.36886,0.50000,5994
1,6,27,9,1,4000,0.27762,0.50000,19690
12,28,5,19,1,4000,0.32112,0.50000,22343
26,10,31,14,1,4000,0.33461,0.50000,8870
24,4,9,22,1,4000,0.34750,0.50000,14629
26,23,28,2,1,4000,0.37321,0.50000,8695
26,7,22,21,1,4000,0.31802,0.50000,19372
17,16,29,13,1,4000,0.28372,0.50000,6346
9,31,17,10,1,4000,0.30729,0.50000,13595
24,14,23,9,1,4000,0.36967,0.50000,5667
14,11,25,30,1,4000,0.36708,0.50000,8901
16,7,23,27,1,4000,0.33242,0.50000,14434
16,31,13,23,1,4000,0.27549,0.50000,12514
14,3,3,5,1,4000,0.34105,0.50000,10896
7,31,5,8,1,4000,0.26105,0.50000,25508
24,1,4,9,1,4000,0.28722,0.50000,26951
25,24,22,12,1,4000,0.36619,0.50000,6372
30,29,31,23,1,4000,0.19831,0.50000,75089
9,2,18,21,1,4000,0.35190,0.50000,9619
15,10,25,29,1,4000,0.36439,0.50000,9878
14,5,5,9,1,4000,0.36530,0.50000,7258
20,29,31,2,1,4000,0.29148,0.50000,29098
18,27,20,17,1,4000,0.35595,0.50000,7185
5,31,14,9,1,4000,0.30502,0.50000,16302
11,6,20,25,1,4000,0.36548,0.50000,10745
6,24,29,19,1,4000,0.32677,0.50000,22185
5,16,25,31,1,4000,0.36832,0.50000,5037
4,13,21,24,1,4000,0.34967,0.50000,6059
6,27,1,3,1,4000,0.24276,0.50000,42304
14,20,31,2,1,4000,0.31947,0.50000,10795
12,2,31,21,1,4000,0.26809,0.50000,19443
30,4,24,18,1,4000,0.26999,0.50000,31796
22,14,27,22,1,4000,0.37461,0.50000,5326
23,15,18,5,1,4000,0.34720,0.50000,7548
2,17,11,17,1,4000,0.34529,0.50000,8937
23,5,21,25,1,4000,0.33650,0.50000,21680
26,29,7,11,1,4000,0.31785,0.50000,25392
4,5,29,5,1,4000,0.30108,0.50000,17545
21,18,27,23,1,4000,0.37575,0.50000,4192
4,5,13,20,1,4000,0.36900,0.50000,7940
29,23,7,6,1,4000,0.33423,0.50000,19479
17,9,14,24,1,4000,0.36394,0.50000,9683
29,30,18,10,1,4000,0.28929,0.50000,27193
28,16,21,29,1,4000,0.35856,0.50000,4655
26,18,30,7,1,4000,0.34217,0.50000,3484
26,25,20,11,1,4000,0.35732,0.50000,8518
2,19,6,22,1,4000,0.36212,0.50000,11952
4,8,19,7,1,4000,0.37261,0.50000,8927
17,19,22,29,1,4000,0.37437,0.50000,6457
10,14,11,1,1,4000,0.37264,0.50000,7847
25,1,27,10,1,4000,0.24422,0.50000,47109
27,20,8,3,1,4000,0.36469,0.50000,9775
30,13,12,30,1,4000,0.34605,0.50000,5994
24,21,23,8,1,4000,0.36208,0.50000,3985
4,22,11,9,1,4000,0.33648,0.50000,19588
1,17,29,11,1,4000,0.29921,0.50000,3793
30,26,26,21,1,4000,0.31871,0.50000,23890
30,28,9,13,1,4000,0.30611,0.50000,28848
20,24,17,13,1,4000,0.37217,0.50000,6582
1,4,11,12,1,4000,0.33257,0.50000,11207
5,4,9,29,1,4000,0.35425,0.50000,7583
25,5,22,19,1,4000,0.30921,0.50000,23951
2,12,3,3,1,4000,0.33005,0.50000,2419
24,4,10,11,1,4000,0.34883,0.50000,14190
8,9,17,2,1,4000,0.36330,0.50000,7497
12,1,3,5,1,4000,0.30060,0.50000,15210
18,9,31,17,1,4000,0.33309,0.50000,12774
9,16,5,13,1,4000,0.36496,0.50000,7580
23,4,24,12,1,4000,0.30991,0.50000,26035
3,21,18,12,1,4000,0.37121,0.50000,10556
24,17,22,19,1,4000,0.37086,0.50000,4690
1,20,10,15,1,4000,0.30628,0.50000,14620
3,22,19,20,1,4000,0.36520,0.50000,11849
24,17,16,19,1,4000,0.34121,0.50000,7364
10,29,8,21,1,4000,0.32439,0.50000,17510
10,18,5,2,1,4000,0.36857,0.50000,11232
20,17,4,6,1,4000,0.37001,0.50000,6624
8,7,29,14,1,4000,0.35174,0.50000,8795
9,18,1,9,1,4000,0.34741,0.50000,10405
30,19,5,22,1,4000,0.36050,0.50000,8480
29,27,7,16,1,4000,0.30559,0.50000,28891
27,26,28,25,1,4000,0.32511,0.50000,22214
11,12,29,10,1,4000,0.35174,0.50000,5813
6,5,28,26,1,4000,0.31781,0.50000,14247
13,27,15,13,1,4000,0.37317,0.50000,9927
4,20,5,9,1,4000,0.36429,0.50000,14608
21,20,31,1,1,4000,0.32348,0.50000,6714
24,18,31,29,1,4000,0.34801,0.50000,4114
4,15,1,25,1,4000,0.31526,0.50000,3484
14,20,22,14,1,4000,0.35258,0.50000,8341
9,30,12,14,1,4000,0.32539,0.50000,13355
13,20,15,2,1,4000,0.33852,0.50000,12318
26,20,8,4,1,4000,0.36592,0.50000,9487
18,31,12,28,1,4000,0.30477,0.50000,14444
6,4,25,2,1,4000,0.33005,0.50000,17388
29,24,12,9,1,4000,0.36079,0.50000,14512
22,21,29,25,1,4000,0.34419,0.50000,6216
14,13,12,10,1,4000,0.35357,0.50000,8843
4,16,25,2,1,4000,0.36752,0.50000,5017
21,23,23,1,1,4000,0.35535,0.50000,5243
26,2,27,4,1,4000,0.23994,0.50000,44623
19,5,17,17,1,4000,0.37342,0.50000,11619
25,12,18,9,1,4000,0.34871,0.50000,9408
26,19,30,31,1,4000,0.33974,0.50000,4047
21,12,26,16,1,4000,0.34796,0.50000,9022
27,23,8,30,1,4000,0.34280,0.50000,15624
25,27,11,15,1,4000,0.36410,0.50000,14176
26,23,8,21,1,4000,0.33762,0.50000,14307
20,17,5,2,1,4000,0.36984,0.50000,6387
11,22,4,29,1,4000,0.33635,0.50000,20273
17,6,18,21,1,4000,0.36778,0.50000,10708
21,16,29,11,1,4000,0.35006,0.50000,4380
25,23,4,19,1,4000,0.35779,0.50000,14914
1,16,29,7,1,4000,0.28704,0.50000,3076
9,1,15,13,1,4000,0.32384,0.50000,8790
26,21,23,24,1,4000,0.37368,0.50000,4133
23,13,1,18,1,4000,0.34509,0.50000,4667
26,8,14,30,1,4000,0.36130,0.50000,11278
22,8,3,25,1,4000,0.33875,0.50000,11753
19,16,30,9,1,4000,0.30907,0.50000,5322
13,14,4,26,1,4000,0.34452,0.50000,6679
1,21,3,31,1,4000,0.33260,0.50000,16100
6,15,25,13,1,4000,0.37622,0.50000,4703
22,17,26,27,1,4000,0.37899,0.50000,4070
10,30,5,5,1,4000,0.29949,0.50000,21280
17,27,4,31,1,4000,0.33330,0.50000,19475
18,4,21,27,1,4000,0.36563,0.50000,13881
16,2,17,8,1,4000,0.30942,0.50000,9026
28,10,15,9,1,4000,0.37542,0.50000,8502
24,14,6,20,1,4000,0.37170,0.50000,4946
5,18,23,27,1,4000,0.36093,0.50000,6488
18,6,23,13,1,4000,0.35248,0.50000,16498
13,21,27,31,1,4000,0.35993,0.50000,9082
6,13,23,8,1,4000,0.36713,0.50000,5267
4,8,11,11,1,4000,0.37378,0.50000,5006
22,8,26,22,1,4000,0.32253,0.50000,17712
15,24,16,12,1,4000,0.34102,0.50000,8404
16,21,25,22,1,4000,0.37918,0.50000,6282
24,30,7,14,1,4000,0.32116,0.50000,24052
15,13,18,4,1,4000,0.30771,0.50000,10668
23,13,26,7,1,4000,0.37068,0.50000,6229
16,27,9,12,1,4000,0.36254,0.50000,12400
30,5,9,19,1,4000,0.33607,0.50000,12329
9,28,6,25,1,4000,0.30487,0.50000,24173
24,20,3,24,1,4000,0.35556,0.50000,8036
12,11,30,5,1,4000,0.34032,0.50000,6674
6,6,13,19,1,4000,0.35453,0.50000,5554
1,17,7,14,1,4000,0.34946,0.50000,7543
8,26,2,30,1,4000,0.28678,0.50000,33211
17,24,7,23,1,4000,0.33353,0.50000,15570
17,23,20,21,1,4000,0.37375,0.50000,6321
18,3,8,13,1,4000,0.36611,0.50000,9309
25,15,4,19,1,4000,0.37656,0.50000,4396
21,2,13,3,1,4000,0.34829,0.50000,11439
31,9,8,7,1,4000,0.33103,0.50000,6966
3,26,19,18,1,4000,0.34226,0.50000,18940
20,7,18,14,1,4000,0.35287,0.50000,13807
23,28,8,19,1,4000,0.34475,0.50000,18054
5,18,15,13,1,4000,0.34760,0.50000,10366
23,7,3,21,1,4000,0.33643,0.50000,13630
30,3,5,26,1,4000,0.26723,0.50000,23690
23,5,12,16,1,4000,0.36448,0.50000,12807
18,10,3,17,1,4000,0.36230,0.50000,8025
27,10,7,23,1,4000,0.37075,0.50000,6282
15,1,10,26,1,4000,0.31893,0.50000,8273
26,20,19,4,1,4000,0.37201,0.50000,4785
9,20,2,2,1,4000,0.33672,0.50000,15404
21,27,4,4,1,4000,0.31924,0.50000,20559
28,14,21,19,1,4000,0.36539,0.50000,5514
17,13,4,30,1,4000,0.32309,0.50000,6985
29,23,7,27,1,4000,0.33424,0.50000,19020
31,13,22,30,1,4000,0.33722,0.50000,5423
22,2,1,24,1,4000,0.28166,0.50000,25681
13,13,14,22,1,4000,0.33374,0.50000,9025
5,19,20,5,1,4000,0.37079,0.50000,8160
22,18,18,3,1,4000,0.36151,0.50000,6301
30,8,28,13,1,4000,0.31312,0.50000,14141
24,13,12,24,1,4000,0.37036,0.50000,6993
27,6,8,10,1,4000,0.33879,0.50000,12047
5,28,30,31,1,4000,0.24995,0.50000,44483
10,16,2,19,1,4000,0.34422,0.50000,6910
17,3,28,27,1,4000,0.31683,0.50000,20385
26,17,27,19,1,4000,0.36515,0.50000,2837
29,12,16,31,1,4000,0.35313,0.50000,8289
19,9,24,1,1,4000,0.33625,0.50000,14980
23,4,26,7,1,4000,0.29607,0.50000,30223
16,18,20,8,1,4000,0.35080,0.50000,7910
22,22,30,18,1,4000,0.32445,0.50000,8192
17,8,28,14,1,4000,0.35912,0.50000,12089
31,9,25,22,1,4000,0.31602,0.50000,12303
14,27,15,7,1,4000,0.36943,0.50000,9771
31,6,20,17,1,4000,0.31981,0.50000,16710
7,28,17,13,1,4000,0.34985,0.50000,14981
17,12,7,8,1,4000,0.35846,0.50000,7747
12,22,29,19,1,4000,0.34540,0.50000,12485
25,25,3,11,1,4000,0.33553,0.50000,19712
27,20,6,29,1,4000,0.36871,0.50000,9485
14,13,9,16,1,4000,0.37008,0.50000,7842
4,22,27,27,1,4000,0.36611,0.50000,13257
5,6,18,1,1,4000,0.37210,0.50000,9025
15,25,2,16,1,4000,0.35068,0.50000,18587
7,13,27,24,1,4000,0.37321,0.50000,4451
18,27,30,11,1,4000,0.34523,0.50000,19314
30,8,4,3,1,4000,0.34703,0.50000,8298
22,24,2,28,1,4000,0.35706,0.50000,14477
30,28,16,1,1,4000,0.33172,0.50000,21892
14,10,19,24,1,4000,0.36184,0.50000,10905
11,26,5,20,1,4000,0.31172,0.50000,23925
19,18,28,9,1,4000,0.34914,0.50000,5073
26,25,12,14,1,4000,0.36352,0.50000,11955
13,17,26,1,1,4000,0.34453,0.50000,7697
19,19,4,2,1,4000,0.36403,0.50000,8027
19,17,1,4,1,4000,0.31908,0.50000,5777
29,11,11,30,1,4000,0.34351,0.50000,6363
12,25,18,2,1,4000,0.37112,0.50000,9817
21,12,19,3,1,4000,0.30780,0.50000,11277
28,18,15,11,1,4000,0.31307,0.50000,7307
17,30,26,18,1,4000,0.32371,0.50000,19610
11,12,7,5,1,4000,0.37153,0.50000,5356
29,19,5,19,1,4000,0.36538,0.50000,8339
4,13,11,28,1,4000,0.37319,0.50000,5291
11,28,9,20,1,4000,0.34287,0.50000,16615
12,2,23,3,1,4000,0.34995,0.50000,14432
25,21,8,27,1,4000,0.36367,0.50000,11091
26,9,25,13,1,4000,0.33447,0.50000,13278
28,26,7,27,1,4000,0.32095,0.50000,24811
11,30,10,28,1,4000,0.31245,0.50000,13949
17,5,2,15,1,4000,0.36091,0.50000,10732
27,12,26,24,1,4000,0.36345,0.50000,6116
2,1,11,14,1,4000,0.28450,0.50000,16869
24,6,29,18,1,4000,0.29383,0.50000,23387
2,23,19,23,1,4000,0.35777,0.50000,12964
18,10,19,26,1,4000,0.34382,0.50000,13664
20,3,3,23,1,4000,0.33822,0.50000,15260
6,29,30,31,1,4000,0.25199,0.50000,40790
9,14,3,5,1,4000,0.36561,0.50000,4726
10,18,24,21,1,4000,0.36379,0.50000,8280
9,8,7,4,1,4000,0.34975,0.50000,3970
9,24,16,2,1,4000,0.32709,0.50000,13977
24,17,10,26,1,4000,0.37391,0.50000,7490
22,21,28,17,1,4000,0.35543,0.50000,5199
14,6,29,7,1,4000,0.35988,0.50000,12266
8,4,19,5,1,4000,0.37338,0.50000,9809
19,17,4,24,1,4000,0.35734,0.50000,6715
9,15,7,26,1,4000,0.36669,0.50000,6884
2,12,31,15,1,4000,0.31053,0.50000,3206
11,30,31,20,1,4000,0.26569,0.50000,32050
30,21,1,1,1,4000,0.31882,0.50000,13207
16,2,6,9,1,4000,0.35230,0.50000,10258
29,18,2,1,1,4000,0.33288,0.50000,5237
8,25,29,3,1,4000,0.32414,0.50000,23029
17,27,6,2,1,4000,0.33979,0.50000,17505
31,17,7,7,1,4000,0.33628,0.50000,6648
15,10,8,16,1,4000,0.37714,0.50000,6682
17,12,11,13,1,4000,0.35830,0.50000,9064
31,21,3,7,1,4000,0.33551,0.50000,14886
20,6,7,22,1,4000,0.35469,0.50000,9733
20,10,31,30,1,4000,0.29124,0.50000,10906
19,14,20,16,1,4000,0.31842,0.50000,9289
12,1,16,1,1,4000,0.29719,0.50000,8054
30,4,22,21,1,4000,0.29718,0.50000,26653
19,22,20,31,1,4000,0.33666,0.50000,5695
28,14,27,23,1,4000,0.36400,0.50000,3486
19,11,11,3,1,4000,0.32036,0.50000,9998
21,14,7,23,1,4000,0.36770,0.50000,6325
17,26,16,31,1,4000,0.37191,0.50000,7504
27,27,20,19,1,4000,0.35606,0.50000,13672
22,18,31,17,1,4000,0.34560,0.50000,4802
24,19,29,28,1,4000,0.36445,0.50000,3924
25,15,20,16,1,4000,0.37242,0.50000,6152
6,27,9,22,1,4000,0.30481,0.50000,26347
27,17,10,19,1,4000,0.36157,0.50000,7024
18,9,9,10,1,4000,0.35044,0.50000,8885
1,20,25,2,1,4000,0.34690,0.50000,7147
26,15,15,29,1,4000,0.32745,0.50000,7373
12,8,17,15,1,4000,0.37267,0.50000,8403
7,23,16,30,1,4000,0.33119,0.50000,14387
13,28,14,2,1,4000,0.35676,0.50000,10467
26,30,1,9,1,4000,0.22767,0.50000,50774
25,18,24,2,1,4000,0.37127,0.50000,3668
10,13,1,11,1,4000,0.34029,0.50000,4403
11,10,19,29,1,4000,0.33281,0.50000,9120
26,27,28,2,1,4000,0.31868,0.50000,23536
7,23,3,11,1,4000,0.32410,0.50000,25092
4,22,27,21,1,4000,0.36620,0.50000,13099
3,5,25,23,1,4000,0.31189,0.50000,20107
10,31,14,20,1,4000,0.30982,0.50000,12076
11,8,1,31,1,4000,0.34143,0.50000,7222
21,23,23,6,1,4000,0.35514,0.50000,5194
10,10,13,14,1,4000,0.34791,0.50000,6425
28,28,3,31,1,4000,0.25637,0.50000,44068
7,14,31,8,1,4000,0.34444,0.50000,3795
21,8,8,23,1,4000,0.34350,0.50000,9523
13,13,7,20,1,4000,0.35642,0.50000,6952
5,24,10,24,1,4000,0.32927,0.50000,24356
24,29,12,1,1,4000,0.34871,0.50000,15257
23,23,22,10,1,4000,0.34688,0.50000,4784
5,1,12,14,1,4000,0.32223,0.50000,11628
18,11,28,26,1,4000,0.35144,0.50000,9928
17,16,11,31,1,4000,0.31300,0.50000,10405
20,4,19,21,1,4000,0.36325,0.50000,13891
10,26,18,22,1,4000,0.37061,0.50000,11497
7,1,22,2,1,4000,0.32045,0.50000,17105
14,24,23,28,1,4000,0.36622,0.50000,7829
1,3,2,1,1,4000,0.23249,0.50000,26131
2,18,11,11,1,4000,0.34098,0.50000,11041
26,1,20,1,1,4000,0.30435,0.50000,26619
18,7,16,7,1,4000,0.35827,0.50000,11063
9,10,19,18,1,4000,0.33807,0.50000,9034
9,14,1,27,1,4000,0.34005,0.50000,4430
10,25,3,21,1,4000,0.32002,0.50000,26009
16,4,17,8,1,4000,0.36180,0.50000,8608
28,20,24,21,1,4000,0.35570,0.50000,3894
24,30,9,14,1,4000,0.32908,0.50000,19141
12,26,8,2,1,4000,0.33520,0.50000,17921
4,20,17,17,1,4000,0.37329,0.50000,9925
17,6,5,10,1,4000,0.37208,0.50000,8072
17,9,29,8,1,4000,0.36068,0.50000,10623
6,7,13,29,1,4000,0.36141,0.50000,5231
2,8,18,23,1,4000,0.35911,0.50000,9909
15,2,11,11,1,4000,0.32831,0.50000,6535
14,4,1,19,1,4000,0.33255,0.50000,12006
6,17,21,3,1,4000,0.37146,0.50000,6941
6,10,29,26,1,4000,0.36343,0.50000,5243
29,24,5,3,1,4000,0.32952,0.50000,22312
2,24,10,31,1,4000,0.32127,0.50000,24705
12,2,19,3,1,4000,0.34490,0.50000,9528
15,7,26,8,1,4000,0.35020,0.50000,13137
7,2,24,24,1,4000,0.33051,0.50000,17996
4,3,31,26,1,4000,0.25196,0.50000,25206
14,28,8,24,1,4000,0.34569,0.50000,14410
2,24,9,25,1,4000,0.31177,0.50000,26591
7,11,12,12,1,4000,0.37544,0.50000,5334
15,25,28,30,1,4000,0.37156,0.50000,12107
22,28,20,13,1,4000,0.35264,0.50000,10347
14,15,12,12,1,4000,0.31332,0.50000,10355
11,13,31,16,1,4000,0.33644,0.50000,5116
17,1,12,5,1,4000,0.31051,0.50000,8475
5,28,18,23,1,4000,0.32252,0.50000,18328
24,5,6,15,1,4000,0.34117,0.50000,14808
21,21,5,5,1,4000,0.35610,0.50000,10879
6,3,27,20,1,4000,0.29949,0.50000,22025
7,21,12,24,1,4000,0.33776,0.50000,16853
31,12,17,30,1,4000,0.31724,0.50000,7598
22,12,11,21,1,4000,0.34723,0.50000,8169
4,6,31,13,1,4000,0.31087,0.50000,12027
2,9,29,20,1,4000,0.34359,0.50000,7554
23,31,26,7,1,4000,0.28103,0.50000,34841
28,22,13,3,1,4000,0.36789,0.50000,9388
14,30,8,27,1,4000,0.33547,0.50000,13388
27,16,29,11,1,4000,0.33082,0.50000,2532
30,6,20,21,1,4000,0.32993,0.50000,17059
4,8,3,25,1,4000,0.35867,0.50000,5200
26,14,29,9,1,4000,0.36802,0.50000,3779
18,10,30,30,1,4000,0.34199,0.50000,10588
11,25,27,12,1,4000,0.36643,0.50000,13509
9,8,12,21,1,4000,0.36824,0.50000,5479
11,6,9,28,1,4000,0.36675,0.50000,4507
16,10,3,14,1,4000,0.37201,0.50000,7008
5,18,12,29,1,4000,0.35360,0.50000,11472
15,30,4,28,1,4000,0.29861,0.50000,19147
5,22,11,3,1,4000,0.33389,0.50000,19847
22,6,16,18,1,4000,0.35451,0.50000,13650
2,2,24,31,1,4000,0.27681,0.50000,29410
17,17,29,29,1,4000,0.29866,0.50000,5810
18,20,29,28,1,4000,0.36391,0.50000,6053
16,6,17,28,1,4000,0.36682,0.50000,9123
12,7,14,26,1,4000,0.37085,0.50000,6225
3,9,7,8,1,4000,0.36815,0.50000,4183
25,5,5,25,1,4000,0.31956,0.50000,16050
2,8,27,28,1,4000,0.33673,0.50000,10810
10,11,19,13,1,4000,0.31659,0.50000,9242
8,12,25,2,1,4000,0.36513,0.50000,5691
8,31,10,23,1,4000,0.29263,0.50000,16994
19,1,7,4,1,4000,0.32221,0.50000,13808
5,8,12,17,1,4000,0.37291,0.50000,4804
29,9,5,6,1,4000,0.36426,0.50000,6602
8,3,10,19,1,4000,0.36007,0.50000,6699
7,1,6,16,1,4000,0.28503,0.50000,16995
22,23,28,7,1,4000,0.36203,0.50000,7334
3,15,21,21,1,4000,0.35170,0.50000,5130
7,20,11,6,1,4000,0.33642,0.50000,16933
19,23,27,27,1,4000,0.37402,0.50000,6904
22,23,30,1,1,4000,0.34660,0.50000,9399
14,28,3,9,1,4000,0.31862,0.50000,22796
3,22,21,28,1,4000,0.35749,0.50000,11248
27,27,9,28,1,4000,0.33903,0.50000,19055
10,31,16,14,1,4000,0.30866,0.50000,12682
7,11,29,16,1,4000,0.36675,0.50000,5402
18,2,29,2,1,4000,0.28752,0.50000,23696
28,12,16,18,1,4000,0.35561,0.50000,7854
12,5,16,3,1,4000,0.37453,0.50000,7068
17,11,22,24,1,4000,0.33677,0.50000,11799
30,19,22,10,1,4000,0.35669,0.50000,5083
19,3,16,11,1,4000,0.35211,0.50000,10423
2,17,17,16,1,4000,0.29059,0.50000,7407
19,16,23,11,1,4000,0.35787,0.50000,6469
30,17,26,6,1,4000,0.33524,0.50000,3012
19,23,16,13,1,4000,0.37397,0.50000,6874
14,14,30,20,1,4000,0.29942,0.50000,6648
7,9,12,25,1,4000,0.36869,0.50000,4762
19,10,20,9,1,4000,0.31282,0.50000,13950
22,6,11,5,1,4000,0.36828,0.50000,11985
12,4,13,12,1,4000,0.35258,0.50000,5981
17,24,19,23,1,4000,0.37391,0.50000,6654
28,7,13,15,1,4000,0.36662,0.50000,10645
18,27,24,15,1,4000,0.35759,0.50000,9491
6,19,19,12,1,4000,0.34585,0.50000,9089
2,27,24,12,1,4000,0.31649,0.50000,25394
27,12,15,8,1,4000,0.36538,0.50000,8045
23,21,22,18,1,4000,0.33435,0.50000,4181
10,28,3,15,1,4000,0.29598,0.50000,27567
25,28,12,7,1,4000,0.36170,0.50000,15110
6,5,15,30,1,4000,0.37513,0.50000,7210
20,17,10,8,1,4000,0.36819,0.50000,8467
6,17,20,17,1,4000,0.37700,0.50000,7126
31,10,19,27,1,4000,0.31333,0.50000,11029
26,7,10,22,1,4000,0.34937,0.50000,11453
5,22,1,27,1,4000,0.32652,0.50000,20651
27,2,31,12,1,4000,0.19940,0.50000,52094
19,11,26,6,1,4000,0.35043,0.50000,10616
19,8,29,29,1,4000,0.35062,0.50000,13625
20,2,15,21,1,4000,0.34238,0.50000,10264
6,17,7,13,1,4000,0.36745,0.50000,9106
15,4,11,9,1,4000,0.35966,0.50000,6296
5,6,11,5,1,4000,0.36490,0.50000,5337
11,4,14,13,1,4000,0.35679,0.50000,5982
23,21,17,24,1,4000,0.37672,0.50000,5582
6,20,29,15,1,4000,0.36408,0.50000,10088
15,27,18,15,1,4000,0.36670,0.50000,8107
12,27,7,2,1,4000,0.33197,0.50000,19612
3,24,4,4,1,4000,0.30444,0.50000,32046
13,6,16,15,1,4000,0.37535,0.50000,7312
19,7,31,19,1,4000,0.32965,0.50000,14058
30,12,25,25,1,4000,0.35916,0.50000,5659
6,27,20,9,1,4000,0.33772,0.50000,17621
6,29,25,1,1,4000,0.31209,0.50000,25897
18,2,26,22,1,4000,0.32881,0.50000,22161
3,30,18,8,1,4000,0.27506,0.50000,21831
15,28,11,15,1,4000,0.35936,0.50000,11137
13,2,24,15,1,4000,0.34660,0.50000,15854
9,30,14,15,1,4000,0.33521,0.50000,12075
29,29,20,24,1,4000,0.31874,0.50000,25676
28,16,17,5,1,4000,0.30375,0.50000,6362
15,10,24,23,1,4000,0.36392,0.50000,10508
6,4,16,6,1,4000,0.36981,0.50000,8716
11,27,16,31,1,4000,0.35833,0.50000,10705
22,18,30,21,1,4000,0.35470,0.50000,4359
11,5,12,5,1,4000,0.36202,0.50000,5395
20,7,8,26,1,4000,0.37007,0.50000,9528
26,7,29,15,1,4000,0.30067,0.50000,19446
21,29,5,4,1,4000,0.32006,0.50000,20455
23,4,14,2,1,4000,0.35777,0.50000,14003
11,31,9,13,1,4000,0.29532,0.50000,15010
1,13,16,23,1,4000,0.29542,0.50000,6637
29,22,28,14,1,4000,0.35979,0.50000,9569
7,26,29,28,1,4000,0.30982,0.50000,27760
10,30,8,11,1,4000,0.30665,0.50000,18146
21,29,31,31,1,4000,0.29325,0.50000,32630
11,24,19,11,1,4000,0.36241,0.50000,10211
18,19,26,15,1,4000,0.36127,0.50000,5037
11,16,23,13,1,4000,0.36237,0.50000,7724
27,18,30,7,1,4000,0.32881,0.50000,3653
28,20,30,8,1,4000,0.33807,0.50000,6405
2,25,11,29,1,4000,0.33358,0.50000,23520
20,25,2,11,1,4000,0.35347,0.50000,16602
20,27,29,8,1,4000,0.35193,0.50000,17598
8,3,27,20,1,4000,0.31332,0.50000,19285
11,13,7,23,1,4000,0.37503,0.50000,6030
1,26,12,3,1,4000,0.31829,0.50000,23573
26,14,31,5,1,4000,0.34146,0.50000,3558
4,18,26,24,1,4000,0.37379,0.50000,5768
27,6,25,11,1,4000,0.28374,0.50000,26176
18,28,21,31,1,4000,0.34696,0.50000,8827
31,7,7,6,1,4000,0.32149,0.50000,8268
31,5,4,15,1,4000,0.29151,0.50000,15294
19,17,5,14,1,4000,0.36954,0.50000,7510
5,28,11,20,1,4000,0.31428,0.50000,23906
26,24,23,22,1,4000,0.36573,0.50000,7121
12,25,6,8,1,4000,0.32610,0.50000,21499
3,5,18,16,1,4000,0.36739,0.50000,11215
19,5,7,12,1,4000,0.37240,0.50000,9144
24,12,3,13,1,4000,0.36400,0.50000,5151
16,1,17,15,1,4000,0.26970,0.50000,8683
29,7,24,8,1,4000,0.30582,0.50000,19136
7,23,30,26,1,4000,0.31864,0.50000,21179
1,24,23,10,1,4000,0.33793,0.50000,14784
2,9,27,17,1,4000,0.34988,0.50000,9263
7,3,26,4,1,4000,0.31766,0.50000,18423
12,29,14,25,1,4000,0.34235,0.50000,11093
11,19,24,2,1,4000,0.34163,0.50000,9219
30,17,12,19,1,4000,0.29595,0.50000,7049
2,12,4,27,1,4000,0.33822,0.50000,2513
28,8,21,21,1,4000,0.33469,0.50000,15521
4,14,31,5,1,4000,0.31264,0.50000,2882
27,26,25,28,1,4000,0.34932,0.50000,15054
4,15,23,30,1,4000,0.37303,0.50000,4682
19,17,23,21,1,4000,0.37485,0.50000,5869
16,22,9,5,1,4000,0.34571,0.50000,13788
14,12,21,12,1,4000,0.34522,0.50000,10276
30,25,13,14,1,4000,0.35174,0.50000,15636
14,12,31,18,1,4000,0.33515,0.50000,7091
30,7,7,3,1,4000,0.33517,0.50000,8067
5,8,8,1,1,4000,0.35684,0.50000,4014
8,22,13,15,1,4000,0.34027,0.50000,17086
26,20,15,19,1,4000,0.36887,0.50000,6679
4,2,6,27,1,4000,0.28983,0.50000,16882
27,27,17,1,1,4000,0.35586,0.50000,13062
2,14,28,26,1,4000,0.33991,0.50000,3243
9,14,5,28,1,4000,0.37042,0.50000,5124
8,3,10,16,1,4000,0.35998,0.50000,6061
20,2,19,14,1,4000,0.33589,0.50000,14091
18,10,13,21,1,4000,0.36564,0.50000,10264
2,22,20,1,1,4000,0.34050,0.50000,11104
9,30,20,16,1,4000,0.33566,0.50000,15635
31,14,8,30,1,4000,0.34661,0.50000,3929
17,13,16,27,1,4000,0.29290,0.50000,11019
24,11,15,4,1,4000,0.37015,0.50000,9593
3,7,19,20,1,4000,0.36751,0.50000,11055
28,23,12,4,1,4000,0.36729,0.50000,11523
30,7,4,23,1,4000,0.33464,0.50000,10199
21,19,3,1,1,4000,0.36660,0.50000,7242
26,1,12,5,1,4000,0.30887,0.50000,19625
5,10,1,16,1,4000,0.34940,0.50000,4301
21,1,16,3,1,4000,0.32407,0.50000,13025
25,26,19,14,1,4000,0.34503,0.50000,9127
3,16,18,20,1,4000,0.31194,0.50000,7007
17,4,5,18,1,4000,0.36847,0.50000,9457
28,22,23,31,1,4000,0.37169,0.50000,5737
13,21,20,18,1,4000,0.35045,0.50000,8758
23,15,15,10,1,4000,0.32889,0.50000,8326
19,19,6,11,1,4000,0.34574,0.50000,9002
17,22,13,25,1,4000,0.37349,0.50000,10189
31,22,23,14,1,4000,0.33546,0.50000,8348
22,18,20,13,1,4000,0.37605,0.50000,5431
16,25,21,8,1,4000,0.37866,0.50000,6870
10,1,3,5,1,4000,0.29658,0.50000,16609
16,27,29,4,1,4000,0.35948,0.50000,17197
27,12,9,28,1,4000,0.37488,0.50000,5065
27,10,26,18,1,4000,0.34446,0.50000,9373
29,10,5,4,1,4000,0.36906,0.50000,4988
2,15,16,24,1,4000,0.26563,0.50000,7281
19,30,11,18,1,4000,0.33224,0.50000,14047
12,5,23,1,1,4000,0.36450,0.50000,12746
20,26,3,26,1,4000,0.34308,0.50000,18043
15,10,1,21,1,4000,0.35457,0.50000,7476
23,1,19,13,1,4000,0.31956,0.50000,20299
4,4,22,11,1,4000,0.33891,0.50000,15527
20,20,21,23,1,4000,0.33451,0.50000,5275
23,19,30,29,1,4000,0.35770,0.50000,4770
15,3,20,16,1,4000,0.36156,0.50000,10711
17,11,19,28,1,4000,0.33884,0.50000,11950
22,2,7,6,1,4000,0.34365,0.50000,15530
2,20,4,26,1,4000,0.35763,0.50000,14164
2,4,18,17,1,4000,0.35290,0.50000,12590
6,18,5,8,1,4000,0.37162,0.50000,9738
30,21,27,25,1,4000,0.35348,0.50000,7449
14,31,28,14,1,4000,0.28226,0.50000,25906
30,5,6,26,1,4000,0.31769,0.50000,13678
8,8,26,31,1,4000,0.34391,0.50000,9194
2,12,3,28,1,4000,0.33008,0.50000,2435
28,7,3,17,1,4000,0.32855,0.50000,11575
19,14,9,20,1,4000,0.34879,0.50000,8480
5,10,19,26,1,4000,0.36173,0.50000,8250
8,3,28,20,1,4000,0.30431,0.50000,19052
14,20,31,10,1,4000,0.31910,0.50000,10320
27,16,14,14,1,4000,0.31353,0.50000,7173
15,11,27,7,1,4000,0.36569,0.50000,8457
29,23,17,13,1,4000,0.36662,0.50000,9648
4,16,22,24,1,4000,0.36338,0.50000,5511
29,30,26,20,1,4000,0.24703,0.50000,49789
1,16,10,9,1,4000,0.32735,0.50000,7069
25,26,23,10,1,4000,0.36605,0.50000,10252
29,7,26,5,1,4000,0.30108,0.50000,18347
23,21,13,22,1,4000,0.35102,0.50000,8474
2,26,25,13,1,4000,0.32458,0.50000,24656
15,18,28,1,1,4000,0.31207,0.50000,6745
5,8,28,16,1,4000,0.35510,0.50000,8335
21,4,29,10,1,4000,0.30688,0.50000,24989
23,20,14,7,1,4000,0.35933,0.50000,8119
8,16,19,4,1,4000,0.35541,0.50000,7594
6,16,12,23,1,4000,0.35497,0.50000,8824
21,31,20,21,1,4000,0.28425,0.50000,17889
29,20,14,13,1,4000,0.34234,0.50000,8861
1,21,13,31,1,4000,0.32351,0.50000,13744
28,5,14,5,1,4000,0.34286,0.50000,14208
2,10,13,20,1,4000,0.35470,0.50000,6240
14,21,4,7,1,4000,0.35968,0.50000,13825
20,9,16,20,1,4000,0.36234,0.50000,12010
14,9,17,27,1,4000,0.36384,0.50000,9537
25,4,11,26,1,4000,0.34483,0.50000,15413
31,5,18,23,1,4000,0.33752,0.50000,15721
18,26,9,31,1,4000,0.36687,0.50000,12579
4,25,12,15,1,4000,0.33815,0.50000,21689
12,29,17,8,1,4000,0.34375,0.50000,10754
18,11,23,10,1,4000,0.34348,0.50000,11827
19,1,22,16,1,4000,0.31713,0.50000,17554
9,28,22,26,1,4000,0.36009,0.50000,15201
9,25,4,10,1,4000,0.31513,0.50000,26449
23,13,1,16,1,4000,0.34514,0.50000,4701
19,24,5,25,1,4000,0.35942,0.50000,14781
25,18,13,16,1,4000,0.34481,0.50000,8639
26,27,25,8,1,4000,0.33831,0.50000,18114
17,1,13,26,1,4000,0.29694,0.50000,8518
2,14,20,3,1,4000,0.31576,0.50000,5547
15,3,10,20,1,4000,0.35987,0.50000,6510
2,12,25,2,1,4000,0.36234,0.50000,4634
3,3,27,2,1,4000,0.26162,0.50000,28632
19,10,12,10,1,4000,0.33584,0.50000,10283
3,18,16,20,1,4000,0.33741,0.50000,8680
12,28,11,28,1,4000,0.35655,0.50000,13049
6,3,9,13,1,4000,0.34724,0.50000,8313
18,31,30,26,1,4000,0.24864,0.50000,34212
28,27,20,3,1,4000,0.35832,0.50000,15723
11,13,30,23,1,4000,0.34697,0.50000,5403
7,6,2,15,1,4000,0.34934,0.50000,7707
7,13,26,4,1,4000,0.36224,0.50000,4989
23,29,10,25,1,4000,0.35104,0.50000,15860
11,3,3,3,1,4000,0.33819,0.50000,10626
27,8,4,17,1,4000,0.35389,0.50000,8962
15,23,27,18,1,4000,0.37760,0.50000,8467
6,15,14,18,1,4000,0.35154,0.50000,8267
4,7,1,8,1,4000,0.33249,0.50000,8366
10,7,17,20,1,4000,0.36576,0.50000,7600
30,12,9,10,1,4000,0.34040,0.50000,4816
2,1,28,1,1,4000,0.20512,0.50000,47284
21,25,28,15,1,4000,0.36613,0.50000,10708
2,7,3,11,1,4000,0.33002,0.50000,8768
8,22,28,4,1,4000,0.34208,0.50000,14302
29,5,20,20,1,4000,0.32894,0.50000,20909
15,24,1,18,1,4000,0.33488,0.50000,16206
8,27,16,6,1,4000,0.35901,0.50000,13573
27,18,31,30,1,4000,0.32344,0.50000,3888
1,8,5,3,1,4000,0.34893,0.50000,6383
1,28,5,11,1,4000,0.21943,0.50000,48267
30,19,3,17,1,4000,0.34801,0.50000,7704
23,19,14,16,1,4000,0.35021,0.50000,8429
7,19,15,26,1,4000,0.36053,0.50000,12140
22,30,4,28,1,4000,0.29644,0.50000,24825
22,13,28,8,1,4000,0.36509,0.50000,6427
3,5,11,17,1,4000,0.36055,0.50000,7951
18,9,7,13,1,4000,0.36600,0.50000,8241
1,18,9,12,1,4000,0.34935,0.50000,9787
9,18,13,28,1,4000,0.33743,0.50000,13059
13,17,17,18,1,4000,0.28828,0.50000,10596
15,9,3,6,1,4000,0.37278,0.50000,6664
25,16,19,13,1,4000,0.36090,0.50000,5948
5,29,20,7,1,4000,0.31857,0.50000,19333
28,11,5,8,1,4000,0.36997,0.50000,4953
11,13,2,29,1,4000,0.35537,0.50000,5097
14,24,27,19,1,4000,0.37216,0.50000,10747
16,27,17,29,1,4000,0.35854,0.50000,7983
2,5,18,14,1,4000,0.35939,0.50000,11658
19,2,7,7,1,4000,0.35020,0.50000,11938
10,23,13,31,1,4000,0.33894,0.50000,15892
10,30,17,1,1,4000,0.32981,0.50000,12399
30,19,9,7,1,4000,0.34598,0.50000,10250
18,17,24,18,1,4000,0.36779,0.50000,6183
29,6,8,3,1,4000,0.34442,0.50000,10841
7,16,6,2,1,4000,0.35180,0.50000,6988
22,27,13,29,1,4000,0.37331,0.50000,10174
10,1,5,26,1,4000,0.31497,0.50000,13677
12,14,27,28,1,4000,0.36938,0.50000,6630
19,8,28,31,1,4000,0.35078,0.50000,14195
15,9,31,13,1,4000,0.33657,0.50000,9391
8,13,29,20,1,4000,0.36435,0.50000,4197
28,20,21,26,1,4000,0.36367,0.50000,4539
12,3,1,14,1,4000,0.31571,0.50000,14039
25,15,29,4,1,4000,0.36546,0.50000,3369
21,21,25,31,1,4000,0.36001,0.50000,4664
31,8,15,12,1,4000,0.33693,0.50000,9864
22,2,9,27,1,4000,0.34452,0.50000,14018
19,17,25,20,1,4000,0.37836,0.50000,5458
28,11,5,19,1,4000,0.36989,0.50000,4984
12,13,21,27,1,4000,0.35641,0.50000,8973
25,31,15,28,1,4000,0.31117,0.50000,19997
1,9,2,9,1,4000,0.31673,0.50000,6973
10,6,18,16,1,4000,0.37189,0.50000,8130
6,14,22,10,1,4000,0.37770,0.50000,5622
23,15,24,8,1,4000,0.35887,0.50000,5254
16,24,13,1,1,4000,0.35965,0.50000,9933
31,17,9,4,1,4000,0.33522,0.50000,7527
10,9,1,19,1,4000,0.32614,0.50000,5947
22,6,8,10,1,4000,0.36247,0.50000,11648
24,3,6,15,1,4000,0.33489,0.50000,17630
20,23,22,11,1,4000,0.36159,0.50000,4929
1,15,28,11,1,4000,0.31559,0.50000,3022
8,28,31,8,1,4000,0.27231,0.50000,34187
23,2,1,15,1,4000,0.27200,0.50000,30242
17,7,13,5,1,4000,0.37683,0.50000,8676
6,8,3,13,1,4000,0.37070,0.50000,4675
2,6,11,1,1,4000,0.36280,0.50000,8217
27,24,24,14,1,4000,0.35828,0.50000,8886
6,29,14,6,1,4000,0.33165,0.50000,16585
27,18,17,25,1,4000,0.35374,0.50000,5784
6,9,14,24,1,4000,0.36427,0.50000,5864
16,10,31,12,1,4000,0.34593,0.50000,9816
30,23,15,28,1,4000,0.35958,0.50000,11676
15,18,27,20,1,4000,0.33119,0.50000,7069
17,6,2,27,1,4000,0.35995,0.50000,10216
14,8,27,30,1,4000,0.36889,0.50000,10436
15,7,27,2,1,4000,0.36183,0.50000,12358
20,27,23,13,1,4000,0.36493,0.50000,8907
14,13,17,14,1,4000,0.31737,0.50000,10669
9,15,11,19,1,4000,0.36958,0.50000,8465
8,12,18,18,1,4000,0.33700,0.50000,8148
26,29,23,23,1,4000,0.32298,0.50000,23171
17,8,9,1,1,4000,0.35749,0.50000,7688
28,22,3,9,1,4000,0.36249,0.50000,13377
23,29,13,6,1,4000,0.34968,0.50000,13159
9,25,26,19,1,4000,0.35312,0.50000,15542
9,16,1,6,1,4000,0.32761,0.50000,6794
29,11,28,13,1,4000,0.35671,0.50000,6364
14,23,29,24,1,4000,0.36716,0.50000,11034
24,14,19,9,1,4000,0.35238,0.50000,7784
6,5,28,2,1,4000,0.31775,0.50000,15637
11,31,12,31,1,4000,0.28392,0.50000,12856
27,16,4,8,1,4000,0.36060,0.50000,4301
5,4,13,2,1,4000,0.36642,0.50000,7583
6,3,4,15,1,4000,0.31147,0.50000,12383
18,24,21,15,1,4000,0.37719,0.50000,5950
26,1,2,9,1,4000,0.23261,0.50000,41261
2,17,16,29,1,4000,0.29328,0.50000,8247
24,21,7,12,1,4000,0.36981,0.50000,10607
20,15,4,11,1,4000,0.35055,0.50000,5935
13,3,21,19,1,4000,0.36095,0.50000,11223
26,11,19,29,1,4000,0.35078,0.50000,10220
6,5,25,24,1,4000,0.33022,0.50000,16041
30,27,21,4,1,4000,0.33267,0.50000,20886
18,7,16,31,1,4000,0.35847,0.50000,10340
17,30,21,23,1,4000,0.32004,0.50000,12028
11,3,19,20,1,4000,0.36588,0.50000,9014
28,18,24,16,1,4000,0.36152,0.50000,3377
31,6,3,1,1,4000,0.30185,0.50000,13621
3,1,6,9,1,4000,0.26046,0.50000,22563
23,18,17,9,1,4000,0.36659,0.50000,6349
23,28,30,22,1,4000,0.31722,0.50000,27574
25,18,11,30,1,4000,0.35576,0.50000,8422
29,24,26,13,1,4000,0.36242,0.50000,12973
23,31,25,24,1,4000,0.28161,0.50000,31454
2,19,27,22,1,4000,0.35902,0.50000,6370
15,28,22,23,1,4000,0.36324,0.50000,9740
21,4,14,13,1,4000,0.36595,0.50000,11544
6,28,24,5,1,4000,0.32877,0.50000,22774
21,13,14,16,1,4000,0.34822,0.50000,9481
12,23,25,2,1,4000,0.36883,0.50000,10289
18,3,1,12,1,4000,0.32108,0.50000,16762
8,5,7,30,1,4000,0.36579,0.50000,5329
9,14,20,28,1,4000,0.36253,0.50000,7326
11,30,16,29,1,4000,0.32711,0.50000,11149
4,23,13,15,1,4000,0.34870,0.50000,17549
11,5,22,20,1,4000,0.35424,0.50000,12076
1,21,23,13,1,4000,0.33037,0.50000,8404
21,2,10,12,1,4000,0.34351,0.50000,11892
25,22,28,30,1,4000,0.37269,0.50000,6184
29,1,23,20,1,4000,0.24974,0.50000,41135
15,11,19,1,1,4000,0.35181,0.50000,11304
24,2,26,21,1,4000,0.27477,0.50000,36535
24,10,6,27,1,4000,0.36347,0.50000,7215
21,30,9,13,1,4000,0.33221,0.50000,17139
30,26,27,4,1,4000,0.31313,0.50000,26480
15,31,5,15,1,4000,0.30229,0.50000,17102
30,25,18,20,1,4000,0.35773,0.50000,13491
14,25,12,6,1,4000,0.35632,0.50000,11764
13,24,2,5,1,4000,0.34961,0.50000,18906
30,31,26,10,1,4000,0.21600,0.50000,62544
17,23,20,14,1,4000,0.37367,0.50000,6420
27,21,6,26,1,4000,0.35716,0.50000,11603
19,16,24,10,1,4000,0.35550,0.50000,6457
19,26,20,9,1,4000,0.35464,0.50000,6665
24,22,2,25,1,4000,0.35376,0.50000,10486
29,13,18,31,1,4000,0.32454,0.50000,7732
19,14,30,5,1,4000,0.30979,0.50000,6027
19,30,30,18,1,4000,0.27983,0.50000,30383
29,31,22,5,1,4000,0.26514,0.50000,40357
20,19,31,20,1,4000,0.33536,0.50000,5873
8,3,4,27,1,4000,0.33350,0.50000,10953
30,4,24,2,1,4000,0.27004,0.50000,31947
19,22,4,2,1,4000,0.36896,0.50000,11801
9,14,5,27,1,4000,0.37045,0.50000,5080
12,4,2,27,1,4000,0.34540,0.50000,10052
26,30,13,26,1,4000,0.33255,0.50000,19936
20,20,27,8,1,4000,0.36554,0.50000,4803
6,18,19,16,1,4000,0.36902,0.50000,8238
29,28,31,6,1,4000,0.23601,0.50000,57536
27,17,26,26,1,4000,0.36545,0.50000,2920
19,22,6,11,1,4000,0.36405,0.50000,12436
17,28,3,30,1,4000,0.31414,0.50000,20988
21,26,25,2,1,4000,0.36748,0.50000,9218
10,4,15,3,1,4000,0.36983,0.50000,6330
1,28,22,2,1,4000,0.30444,0.50000,25800
24,9,18,10,1,4000,0.33926,0.50000,13923
19,30,20,31,1,4000,0.30911,0.50000,12138
25,26,9,15,1,4000,0.35791,0.50000,15516
13,4,26,31,1,4000,0.34035,0.50000,16239
21,8,10,21,1,4000,0.35611,0.50000,10484
22,25,5,17,1,4000,0.34485,0.50000,16912
27,16,12,21,1,4000,0.33959,0.50000,6611
5,14,22,11,1,4000,0.37160,0.50000,5158
14,29,20,15,1,4000,0.34521,0.50000,10313
4,9,2,17,1,4000,0.35746,0.50000,4961
10,23,17,11,1,4000,0.34846,0.50000,12123
7,7,8,27,1,4000,0.34291,0.50000,3944
9,28,1,16,1,4000,0.27837,0.50000,31707
17,29,24,31,1,4000,0.35532,0.50000,13285
1,12,28,23,1,4000,0.34422,0.50000,4119
15,4,14,26,1,4000,0.35271,0.50000,7016
22,5,9,4,1,4000,0.35909,0.50000,12060
12,9,25,27,1,4000,0.35906,0.50000,10034
7,11,30,20,1,4000,0.35643,0.50000,4990
5,18,8,31,1,4000,0.37524,0.50000,10705
20,1,8,23,1,4000,0.31982,0.50000,12576
22,26,14,11,1,4000,0.36786,0.50000,8425
19,26,23,9,1,4000,0.36769,0.50000,7216
31,13,25,20,1,4000,0.34409,0.50000,4583
9,25,12,20,1,4000,0.34815,0.50000,16823
11,12,24,9,1,4000,0.36584,0.50000,7291
19,25,5,1,1,4000,0.34454,0.50000,15838
8,9,30,16,1,4000,0.34892,0.50000,6459
29,25,20,18,1,4000,0.36848,0.50000,11913
31,27,26,6,1,4000,0.29288,0.50000,32494
30,8,3,14,1,4000,0.33852,0.50000,8697
25,17,5,14,1,4000,0.37714,0.50000,5425
25,16,3,17,1,4000,0.36225,0.50000,4472
26,27,9,4,1,4000,0.34866,0.50000,17884
8,4,14,13,1,4000,0.36704,0.50000,6396
5,4,22,15,1,4000,0.35085,0.50000,14868
27,17,22,31,1,4000,0.37826,0.50000,3865
9,12,27,23,1,4000,0.37434,0.50000,5434
3,30,26,30,1,4000,0.25049,0.50000,42865
28,14,8,20,1,4000,0.36700,0.50000,4404
16,29,12,25,1,4000,0.34173,0.50000,9988
10,23,1,4,1,4000,0.29834,0.50000,22735
20,17,31,2,1,4000,0.32697,0.50000,4987
6,20,25,8,1,4000,0.36388,0.50000,9040
25,29,18,15,1,4000,0.35128,0.50000,15011
28,10,14,13,1,4000,0.37503,0.50000,7978
20,1,3,13,1,4000,0.30073,0.50000,19228
5,24,19,7,1,4000,0.35923,0.50000,15565
27,30,16,22,1,4000,0.31972,0.50000,20837
30,13,16,4,1,4000,0.31567,0.50000,7423
14,30,26,21,1,4000,0.33192,0.50000,18573
30,6,29,23,1,4000,0.26830,0.50000,21049
22,16,7,21,1,4000,0.35681,0.50000,6503
10,31,18,25,1,4000,0.31171,0.50000,14820
4,31,20,21,1,4000,0.29260,0.50000,22478
23,11,5,30,1,4000,0.36267,0.50000,6518
12,17,14,31,1,4000,0.29369,0.50000,12934
15,1,6,29,1,4000,0.32331,0.50000,11233
26,29,24,9,1,4000,0.31516,0.50000,25289
2,28,10,10,1,4000,0.29399,0.50000,27999
21,17,10,16,1,4000,0.37558,0.50000,8031
5,14,11,17,1,4000,0.37553,0.50000,6251
11,7,9,2,1,4000,0.37122,0.50000,4906
10,17,30,28,1,4000,0.32950,0.50000,7193
19,10,16,10,1,4000,0.36026,0.50000,12057
9,6,10,9,1,4000,0.36139,0.50000,4430
26,29,11,5,1,4000,0.34494,0.50000,18335
9,13,29,22,1,4000,0.35452,0.50000,4897
15,31,22,27,1,4000,0.31396,0.50000,15169
29,16,24,6,1,4000,0.34923,0.50000,3498
29,29,13,2,1,4000,0.32434,0.50000,23125
3,19,7,30,1,4000,0.37098,0.50000,12083
11,2,17,24,1,4000,0.34458,0.50000,7790
10,2,14,26,1,4000,0.33790,0.50000,6668
26,22,20,27,1,4000,0.35953,0.50000,5286
7,28,26,14,1,4000,0.32707,0.50000,23454
2,16,13,28,1,4000,0.30232,0.50000,7995
31,18,22,30,1,4000,0.34719,0.50000,4991
22,4,13,10,1,4000,0.36878,0.50000,12694
11,14,19,19,1,4000,0.34823,0.50000,9037
16,20,7,19,1,4000,0.36822,0.50000,12218
17,22,3,11,1,4000,0.36538,0.50000,12391
26,21,13,28,1,4000,0.36539,0.50000,8838
21,6,25,31,1,4000,0.31862,0.50000,20672
8,17,31,27,1,4000,0.33406,0.50000,7356
31,16,28,3,1,4000,0.28864,0.50000,3076
26,21,14,22,1,4000,0.37157,0.50000,7714
1,10,2,9,1,4000,0.31845,0.50000,4750
25,3,6,20,1,4000,0.32415,0.50000,19875
9,25,15,23,1,4000,0.35214,0.50000,14161
14,10,4,10,1,4000,0.37135,0.50000,5643
26,2,16,6,1,4000,0.32691,0.50000,18837
27,9,18,7,1,4000,0.35228,0.50000,12444
5,2,22,13,1,4000,0.33424,0.50000,17943
18,1,19,17,1,4000,0.29905,0.50000,12393
10,1,24,13,1,4000,0.32006,0.50000,17534
11,4,9,6,1,4000,0.36648,0.50000,5430
20,23,7,3,1,4000,0.34824,0.50000,13181
30,13,22,1,1,4000,0.34962,0.50000,5813
22,1,17,14,1,4000,0.32849,0.50000,15204
13,8,22,10,1,4000,0.35035,0.50000,12129
17,21,8,25,1,4000,0.36363,0.50000,12270
28,7,18,22,1,4000,0.34939,0.50000,14258
1,4,7,9,1,4000,0.31610,0.50000,11729
25,20,26,31,1,4000,0.36563,0.50000,3702
25,27,6,2,1,4000,0.32414,0.50000,23627
24,30,25,13,1,4000,0.29703,0.50000,28568
21,14,7,6,1,4000,0.36784,0.50000,6327
8,3,20,15,1,4000,0.36369,0.50000,10500
18,18,11,28,1,4000,0.33794,0.50000,10297
22,22,9,7,1,4000,0.31519,0.50000,12028
17,20,9,27,1,4000,0.36041,0.50000,11688
6,21,21,2,1,4000,0.35286,0.50000,11004
20,8,13,9,1,4000,0.36560,0.50000,11001
9,7,21,9,1,4000,0.36465,0.50000,10300
13,2,25,2,1,4000,0.33810,0.50000,17120
28,5,24,16,1,4000,0.28576,0.50000,27895
31,14,10,31,1,4000,0.34383,0.50000,4926
28,12,13,25,1,4000,0.37049,0.50000,6932
20,16,26,14,1,4000,0.36229,0.50000,5201
27,28,30,14,1,4000,0.27227,0.50000,40863
14,25,12,30,1,4000,0.35641,0.50000,10562
20,24,16,25,1,4000,0.36131,0.50000,6717
13,10,29,4,1,4000,0.36577,0.50000,7592
3,31,24,6,1,4000,0.26192,0.50000,35802
10,30,9,26,1,4000,0.30957,0.50000,16166
28,9,16,20,1,4000,0.36936,0.50000,9978
5,13,2,3,1,4000,0.34385,0.50000,2739
9,3,25,16,1,4000,0.33968,0.50000,16525
7,15,28,10,1,4000,0.37201,0.50000,4466
2,9,11,27,1,4000,0.34318,0.50000,5399
1,27,23,22,1,4000,0.31697,0.50000,23605
6,13,21,31,1,4000,0.35367,0.50000,6530
16,19,31,6,1,4000,0.31272,0.50000,8359
2,17,7,22,1,4000,0.36427,0.50000,7465
8,25,5,4,1,4000,0.30018,0.50000,30181
1,12,10,27,1,4000,0.33499,0.50000,4152
27,7,2,30,1,4000,0.31617,0.50000,13865
5,3,23,6,1,4000,0.33748,0.50000,17260
19,14,9,25,1,4000,0.34871,0.50000,8179
20,14,7,26,1,4000,0.36541,0.50000,7104
6,20,3,26,1,4000,0.36255,0.50000,14484
16,8,7,3,1,4000,0.34382,0.50000,6820
19,14,23,13,1,4000,0.34843,0.50000,8196
2,14,20,7,1,4000,0.31564,0.50000,5589
16,13,6,22,1,4000,0.34726,0.50000,7546
5,8,20,4,1,4000,0.36823,0.50000,9855
23,12,11,17,1,4000,0.35175,0.50000,7911
15,26,25,28,1,4000,0.37420,0.50000,10417
22,5,8,29,1,4000,0.35881,0.50000,11809
7,20,20,23,1,4000,0.35279,0.50000,10117
31,5,18,9,1,4000,0.33746,0.50000,15918
31,3,25,25,1,4000,0.24378,0.50000,40170
28,19,30,12,1,4000,0.32567,0.50000,4416
6,22,19,16,1,4000,0.36386,0.50000,12215
15,6,22,24,1,4000,0.36734,0.50000,13060
15,19,12,12,1,4000,0.31955,0.50000,12473
5,15,7,18,1,4000,0.37430,0.50000,5428
16,18,10,20,1,4000,0.34445,0.50000,11003
10,4,27,22,1,4000,0.32561,0.50000,15899
19,23,18,8,1,4000,0.35424,0.50000,6403
30,5,18,19,1,4000,0.34317,0.50000,16319
4,26,29,14,1,4000,0.29114,0.50000,33710
24,14,12,8,1,4000,0.36634,0.50000,7162
15,22,18,31,1,4000,0.37553,0.50000,7700
13,11,22,19,1,4000,0.33924,0.50000,9826
27,10,16,23,1,4000,0.36291,0.50000,9209
2,13,7,21,1,4000,0.35859,0.50000,3323
23,2,10,24,1,4000,0.34388,0.50000,14751
10,20,7,14,1,4000,0.34185,0.50000,16873
1,25,15,11,1,4000,0.33954,0.50000,18751
14,8,21,4,1,4000,0.36016,0.50000,11616
6,17,2,24,1,4000,0.36201,0.50000,7026
13,31,6,30,1,4000,0.30967,0.50000,15938
27,1,17,16,1,4000,0.29870,0.50000,22521
30,16,12,18,1,4000,0.29674,0.50000,6840
28,14,1,30,1,4000,0.32638,0.50000,3095
21,20,22,14,1,4000,0.33349,0.50000,4632
13,31,8,17,1,4000,0.31428,0.50000,13596
1,18,21,2,1,4000,0.34815,0.50000,5912
31,27,21,29,1,4000,0.31767,0.50000,22900
2,20,11,3,1,4000,0.31736,0.50000,14550
2,26,31,23,1,4000,0.25191,0.50000,45437
30,5,11,30,1,4000,0.33764,0.50000,12234
22,30,24,12,1,4000,0.31347,0.50000,22822
15,24,7,29,1,4000,0.32456,0.50000,15810
15,27,23,6,1,4000,0.37354,0.50000,9306
15,5,5,9,1,4000,0.36189,0.50000,7259
17,13,23,3,1,4000,0.34800,0.50000,9194
17,4,3,23,1,4000,0.36346,0.50000,11581
31,13,27,16,1,4000,0.34363,0.50000,3907
12,7,2,17,1,4000,0.36244,0.50000,7595
14,8,31,16,1,4000,0.34191,0.50000,9189
31,7,6,8,1,4000,0.32682,0.50000,8561
7,17,22,11,1,4000,0.36587,0.50000,7225
21,23,10,30,1,4000,0.33749,0.50000,11964
16,27,27,26,1,4000,0.35426,0.50000,13638
17,8,25,29,1,4000,0.33280,0.50000,13603
30,7,10,4,1,4000,0.35781,0.50000,8745
25,19,1,25,1,4000,0.34371,0.50000,6163
13,15,27,26,1,4000,0.34913,0.50000,6771
1,10,7,19,1,4000,0.35081,0.50000,4690
12,12,27,31,1,4000,0.36483,0.50000,6809
21,1,4,15,1,4000,0.31098,0.50000,19409
26,27,25,13,1,4000,0.33827,0.50000,17759
10,23,6,10,1,4000,0.32604,0.50000,22403
24,31,31,21,1,4000,0.22357,0.50000,56318
11,7,31,2,1,4000,0.34651,0.50000,8994
6,20,15,11,1,4000,0.36167,0.50000,12331
26,19,17,29,1,4000,0.36493,0.50000,5488
29,9,31,3,1,4000,0.31342,0.50000,10229
23,21,8,29,1,4000,0.35216,0.50000,11022
9,9,12,1,1,4000,0.35478,0.50000,5114
1,3,26,15,1,4000,0.24573,0.50000,34269
31,23,14,23,1,4000,0.34081,0.50000,13543
13,14,25,12,1,4000,0.36018,0.50000,7138
30,28,1,5,1,4000,0.21851,0.50000,59906
25,14,12,9,1,4000,0.36581,0.50000,6738
26,29,28,16,1,4000,0.27717,0.50000,37431
2,13,4,10,1,4000,0.33063,0.50000,2645
23,14,25,8,1,4000,0.36773,0.50000,5489
8,17,19,14,1,4000,0.37282,0.50000,8622
19,9,1,1,1,4000,0.33071,0.50000,11316
23,25,30,31,1,4000,0.33308,0.50000,15290
12,3,31,20,1,4000,0.29682,0.50000,16738
30,28,8,18,1,4000,0.29066,0.50000,31586
21,28,18,5,1,4000,0.34683,0.50000,9099
23,24,31,11,1,4000,0.32639,0.50000,14093
7,5,5,20,1,4000,0.34929,0.50000,7005
